index,rule_id,designation_id,reference_parent_name,reference_parent_cas,reference_smiles,salt_scope,automation_status,source_verified,reference_rule_frozen,regulatory_source,chemical_identity_source,rule_version,frozen_date,notes
0,2026-5_97-1-102_0_02751,97-1-102,Benzidine,92-87-5,C1=CC(=CC=C1C2=CC=C(C=C2)N)N,all_counterion_salts,verified,True,True,https://www.law.go.kr/admRulLsInfoP.do?admRulSeq=2100000276378,https://pubchem.ncbi.nlm.nih.gov/compound/7111 ; https://comptox.epa.gov/dashboard/DTXSID2020137,CURATED_2026-09-29,2026-09-29,Strict parent-and-salts scope selected for curated Study 2 benchmark.
1,2026-5_97-1-11_0_02652,97-1-11,Nicotine,54-11-5,CN1CCC[C@H]1C2=CN=CC=C2,all_counterion_salts,verified,True,True,https://www.law.go.kr/admRulLsInfoP.do?admRulSeq=2100000276378,https://pubchem.ncbi.nlm.nih.gov/compound/89594 ; https://comptox.epa.gov/dashboard/DTXSID1020930,CURATED_2026-09-29,2026-09-29,Strict parent-and-salts scope selected for curated Study 2 benchmark.
2,2026-5_97-1-144_0_02816,97-1-144,Strychnine,57-24-9,C1CN2CC3=CCO[C@H]4CC(=O)N5[C@H]6[C@H]4[C@H]3C[C@H]2[C@@]61C7=CC=CC=C75,all_counterion_salts,verified,True,True,https://www.law.go.kr/admRulLsInfoP.do?admRulSeq=2100000276378,https://pubchem.ncbi.nlm.nih.gov/compound/441071 ; https://comptox.epa.gov/dashboard/DTXSID6023600,CURATED_2026-09-29,2026-09-29,Strict parent-and-salts scope selected for curated Study 2 benchmark.
3,2026-5_97-1-156_0_02828,97-1-156,Aniline,62-53-3,C1=CC=C(C=C1)N,all_counterion_salts,verified,True,True,https://www.law.go.kr/admRulLsInfoP.do?admRulSeq=2100000276378,https://pubchem.ncbi.nlm.nih.gov/compound/6115 ; https://comptox.epa.gov/dashboard/DTXSID8020090,CURATED_2026-09-29,2026-09-29,Strict parent-and-salts scope selected for curated Study 2 benchmark.
4,2026-5_97-1-219_0_02893,97-1-219,Warfarin,81-81-2,CC(=O)CC(C1=CC=CC=C1)C2=C(C3=CC=CC=C3OC2=O)O,all_counterion_salts,verified,True,True,https://www.law.go.kr/admRulLsInfoP.do?admRulSeq=2100000276378,https://pubchem.ncbi.nlm.nih.gov/compound/54678486 ; https://comptox.epa.gov/dashboard/DTXSID5023742,CURATED_2026-09-29,2026-09-29,Strict parent-and-salts scope selected for curated Study 2 benchmark.
5,AUTO_BS_97_1_131,97-1-131,Salinomycin,53003-10-4,CC[C@H]([C@H]1CC[C@@H]([C@@H](O1)[C@@H](C)[C@@H]([C@H](C)C(=O)[C@H](CC)[C@@H]2[C@H](C[C@H]([C@]3(O2)C=C[C@H]([C@@]4(O3)CC[C@@](O4)(C)[C@H]5CC[C@@]([C@@H](O5)C)(CC)O)O)C)C)O)C)C(=O)O,all_counterion_salts,verified,True,True,97-1-131 | 살리노마이신과 그 염류 | Salinomycin(53003-10-4) and its salts | - | 1 | - | - | 급성 | 1,https://pubchem.ncbi.nlm.nih.gov/compound/3085092,CURATED_2026-09-29,2026-09-29,Strict parent-and-salts scope selected for curated Study 2 benchmark.
6,AUTO_BS_97_1_155,97-1-155,Anabasine,494-52-0,C1CCN[C@@H](C1)C2=CN=CC=C2,all_counterion_salts,verified,True,True,97-1-155 | 아바나신과 그 염류 | Anabasin(494-52-0) and its salts | - | 1 | - | - | 급성 | 1,https://pubchem.ncbi.nlm.nih.gov/compound/205586,CURATED_2026-09-29,2026-09-29,Strict parent-and-salts scope selected for curated Study 2 benchmark.
7,AUTO_BS_97_1_339,97-1-339,Pentachlorophenol,87-86-5,C1(=C(C(=C(C(=C1Cl)Cl)Cl)Cl)Cl)O,all_counterion_salts,verified,True,True,97-1-339 | 펜타클로로페놀과 그 염류 | Pentachlorophenol(87-86-5) and its salts | - | 1 | - | 25 | 급성/생태 | 1,https://pubchem.ncbi.nlm.nih.gov/compound/992,CURATED_2026-09-29,2026-09-29,Strict parent-and-salts scope selected for curated Study 2 benchmark.
8,AUTO_BS_97_1_379,97-1-379,Fluoroacetic acid,144-49-0,C(C(=O)O)F,all_counterion_salts,verified,True,True,97-1-379 | 플루오로아세트산과 그 염류 | Fluoroacetic acid(144-49-0) and its salt | - | 1 | - | 25 | 급성/생태 | 1,https://pubchem.ncbi.nlm.nih.gov/compound/5237,CURATED_2026-09-29,2026-09-29,Strict parent-and-salts scope selected for curated Study 2 benchmark.
9,AUTO_BS_97_1_39,97-1-39,"2-Methyl-4,6-dinitrophenol",534-52-1,CC1=CC(=CC(=C1O)[N+](=O)[O-])[N+](=O)[O-],all_counterion_salts,verified,True,True,97-1-39 | 디엔오시와 그 염류 | DNOC(534-52-1) and its salts | - | 1 | - | 25 | 급성/생태 | 1,https://pubchem.ncbi.nlm.nih.gov/compound/10800,CURATED_2026-09-29,2026-09-29,Strict parent-and-salts scope selected for curated Study 2 benchmark.
10,AUTO_BS_97_1_425,97-1-425,"2,4-Dichloro-6-nitrophenol",609-89-2,C1=C(C=C(C(=C1[N+](=O)[O-])O)Cl)Cl,all_counterion_salts,verified,True,True,"97-1-425 | 2,4-디클로로-6-니트로페놀과 그 염류 | 2,4-Dichloro-6-nitrophenol(609-89-2) and its salts | - | 25 | - | - | 급성 | 1",https://pubchem.ncbi.nlm.nih.gov/compound/11871,CURATED_2026-09-29,2026-09-29,Strict parent-and-salts scope selected for curated Study 2 benchmark.
11,AUTO_BS_97_1_57,97-1-57,Lasalocid A,25999-31-9,CC[C@H]([C@@H]1[C@H](C[C@@](O1)(CC)[C@H]2CC[C@@]([C@@H](O2)C)(CC)O)C)C(=O)[C@@H](C)[C@H]([C@H](C)CCC3=C(C(=C(C=C3)C)O)C(=O)O)O,all_counterion_salts,verified,True,True,97-1-57 | 라살로시드와 그 염류 | Lasalocid(25999-31-9) and its salts | - | 25 | - | - | 급성 | 2,https://pubchem.ncbi.nlm.nih.gov/compound/5360807,CURATED_2026-09-29,2026-09-29,Strict parent-and-salts scope selected for curated Study 2 benchmark.
12,AUTO_BS_97_1_87,97-1-87,Monensin,17090-79-8,CC[C@]1(CC[C@@H](O1)[C@@]2(CC[C@@]3(O2)C[C@@H]([C@H]([C@H](O3)[C@@H](C)[C@H]([C@H](C)C(=O)O)OC)C)O)C)[C@H]4[C@H](C[C@@H](O4)[C@@H]5[C@H](C[C@H]([C@@](O5)(CO)O)C)C)C,all_counterion_salts,verified,True,True,97-1-87 | 모네신과 그 염류 | Monensin(17090-79-8) and its salts | - | 25 | - | - | 급성 | 8,https://pubchem.ncbi.nlm.nih.gov/compound/441145,CURATED_2026-09-29,2026-09-29,Strict parent-and-salts scope selected for curated Study 2 benchmark.