case_id,task_type,rule_id,regulatory_id,regulatory_scope_text,candidate_name,candidate_cas,reference_membership,difficulty,candidate_official_groups,truth_basis,source_version,source_url
G001,CHEMICAL_GROUP,MG_SALTS,06-5-1,말라카이트 그린[Malachite green]의 염류 및 그 중 하나를 0.1% 이상 함유한 혼합물,Malachite green,10309-95-2,MATCH,OFFICIAL_MEMBER,MG_SALTS,Annex 3 target-group enumeration,"기후에너지환경부고시 제2025-28호, 시행 2026-01-01",https://www.law.go.kr/LSW/flDownload.do?bylClsCd=200201&flSeq=158305589
G002,CHEMICAL_GROUP,MG_SALTS,06-5-1,말라카이트 그린[Malachite green]의 염류 및 그 중 하나를 0.1% 이상 함유한 혼합물,Malachite green chloride,569-64-2,MATCH,OFFICIAL_MEMBER,MG_SALTS,Annex 3 target-group enumeration,"기후에너지환경부고시 제2025-28호, 시행 2026-01-01",https://www.law.go.kr/LSW/flDownload.do?bylClsCd=200201&flSeq=158305589
G003,CHEMICAL_GROUP,MG_SALTS,06-5-1,말라카이트 그린[Malachite green]의 염류 및 그 중 하나를 0.1% 이상 함유한 혼합물,Malachite green oxalate,2437-29-8,MATCH,OFFICIAL_MEMBER,MG_SALTS,Annex 3 target-group enumeration,"기후에너지환경부고시 제2025-28호, 시행 2026-01-01",https://www.law.go.kr/LSW/flDownload.do?bylClsCd=200201&flSeq=158305589
G004,CHEMICAL_GROUP,MG_SALTS,06-5-1,말라카이트 그린[Malachite green]의 염류 및 그 중 하나를 0.1% 이상 함유한 혼합물,Malachite green phosphotungstomolybdate,61725-50-6,MATCH,OFFICIAL_MEMBER,MG_SALTS,Annex 3 target-group enumeration,"기후에너지환경부고시 제2025-28호, 시행 2026-01-01",https://www.law.go.kr/LSW/flDownload.do?bylClsCd=200201&flSeq=158305589
G005,CHEMICAL_GROUP,MG_SALTS,06-5-1,말라카이트 그린[Malachite green]의 염류 및 그 중 하나를 0.1% 이상 함유한 혼합물,Malachite green phosphomolybdate,68083-41-0,MATCH,OFFICIAL_MEMBER,MG_SALTS,Annex 3 target-group enumeration,"기후에너지환경부고시 제2025-28호, 시행 2026-01-01",https://www.law.go.kr/LSW/flDownload.do?bylClsCd=200201&flSeq=158305589
G006,CHEMICAL_GROUP,MG_SALTS,06-5-1,말라카이트 그린[Malachite green]의 염류 및 그 중 하나를 0.1% 이상 함유한 혼합물,Tributyltin oxide; bis(tributyltin)oxide; TBTO,56-35-9,NO_MATCH,CROSS_GROUP_HARD_NEGATIVE,TBT_TRIALKYLTIN,Annex 3 enumeration under other target group(s),"기후에너지환경부고시 제2025-28호, 시행 2026-01-01",https://www.law.go.kr/LSW/flDownload.do?bylClsCd=200201&flSeq=158305589
G007,CHEMICAL_GROUP,MG_SALTS,06-5-1,말라카이트 그린[Malachite green]의 염류 및 그 중 하나를 0.1% 이상 함유한 혼합물,4-Nonylphenol,104-40-5,NO_MATCH,CROSS_GROUP_HARD_NEGATIVE,NONYLPHENOL_NPE,Annex 3 enumeration under other target group(s),"기후에너지환경부고시 제2025-28호, 시행 2026-01-01",https://www.law.go.kr/LSW/flDownload.do?bylClsCd=200201&flSeq=158305589
G008,CHEMICAL_GROUP,MG_SALTS,06-5-1,말라카이트 그린[Malachite green]의 염류 및 그 중 하나를 0.1% 이상 함유한 혼합물,Lead dinitrate,10099-74-8,NO_MATCH,CROSS_GROUP_HARD_NEGATIVE,LEAD_COMPOUNDS,Annex 3 enumeration under other target group(s),"기후에너지환경부고시 제2025-28호, 시행 2026-01-01",https://www.law.go.kr/LSW/flDownload.do?bylClsCd=200201&flSeq=158305589
G009,CHEMICAL_GROUP,MG_SALTS,06-5-1,말라카이트 그린[Malachite green]의 염류 및 그 중 하나를 0.1% 이상 함유한 혼합물,Potassium dichromate,7778-50-9,NO_MATCH,CROSS_GROUP_HARD_NEGATIVE,CRVI_COMPOUNDS,Annex 3 enumeration under other target group(s),"기후에너지환경부고시 제2025-28호, 시행 2026-01-01",https://www.law.go.kr/LSW/flDownload.do?bylClsCd=200201&flSeq=158305589
G010,CHEMICAL_GROUP,MG_SALTS,06-5-1,말라카이트 그린[Malachite green]의 염류 및 그 중 하나를 0.1% 이상 함유한 혼합물,Lead monoxide,1317-36-8,NO_MATCH,CROSS_GROUP_HARD_NEGATIVE,LEAD_COMPOUNDS,Annex 3 enumeration under other target group(s),"기후에너지환경부고시 제2025-28호, 시행 2026-01-01",https://www.law.go.kr/LSW/flDownload.do?bylClsCd=200201&flSeq=158305589
G011,CHEMICAL_GROUP,TBT_TRIALKYLTIN,06-5-4,"수산화 트리알킬주석[Trialkyl tin hydroxide]과 그 염류(산화 트리알킬주석을 포함한다) 및 트리부틸주석화합물[Tributyl tin compound], 또는 그 중 하나를 0.1% 이상 함유한 혼합물",Tributyltin hydroxide,1067-97-6,MATCH,OFFICIAL_MEMBER,TBT_TRIALKYLTIN,Annex 3 target-group enumeration,"기후에너지환경부고시 제2025-28호, 시행 2026-01-01",https://www.law.go.kr/LSW/flDownload.do?bylClsCd=200201&flSeq=158305589
G012,CHEMICAL_GROUP,TBT_TRIALKYLTIN,06-5-4,"수산화 트리알킬주석[Trialkyl tin hydroxide]과 그 염류(산화 트리알킬주석을 포함한다) 및 트리부틸주석화합물[Tributyl tin compound], 또는 그 중 하나를 0.1% 이상 함유한 혼합물",Tributyltin oxide; bis(tributyltin)oxide; TBTO,56-35-9,MATCH,OFFICIAL_MEMBER,TBT_TRIALKYLTIN,Annex 3 target-group enumeration,"기후에너지환경부고시 제2025-28호, 시행 2026-01-01",https://www.law.go.kr/LSW/flDownload.do?bylClsCd=200201&flSeq=158305589
G013,CHEMICAL_GROUP,TBT_TRIALKYLTIN,06-5-4,"수산화 트리알킬주석[Trialkyl tin hydroxide]과 그 염류(산화 트리알킬주석을 포함한다) 및 트리부틸주석화합물[Tributyl tin compound], 또는 그 중 하나를 0.1% 이상 함유한 혼합물",Tributyltin chloride; TBTCL,1461-22-9,MATCH,OFFICIAL_MEMBER,TBT_TRIALKYLTIN,Annex 3 target-group enumeration,"기후에너지환경부고시 제2025-28호, 시행 2026-01-01",https://www.law.go.kr/LSW/flDownload.do?bylClsCd=200201&flSeq=158305589
G014,CHEMICAL_GROUP,TBT_TRIALKYLTIN,06-5-4,"수산화 트리알킬주석[Trialkyl tin hydroxide]과 그 염류(산화 트리알킬주석을 포함한다) 및 트리부틸주석화합물[Tributyl tin compound], 또는 그 중 하나를 0.1% 이상 함유한 혼합물",Tributyltin fluoride; TBTF,1983-10-4,MATCH,OFFICIAL_MEMBER,TBT_TRIALKYLTIN,Annex 3 target-group enumeration,"기후에너지환경부고시 제2025-28호, 시행 2026-01-01",https://www.law.go.kr/LSW/flDownload.do?bylClsCd=200201&flSeq=158305589
G015,CHEMICAL_GROUP,TBT_TRIALKYLTIN,06-5-4,"수산화 트리알킬주석[Trialkyl tin hydroxide]과 그 염류(산화 트리알킬주석을 포함한다) 및 트리부틸주석화합물[Tributyl tin compound], 또는 그 중 하나를 0.1% 이상 함유한 혼합물",Tributyltin hydride,688-73-3,MATCH,OFFICIAL_MEMBER,TBT_TRIALKYLTIN,Annex 3 target-group enumeration,"기후에너지환경부고시 제2025-28호, 시행 2026-01-01",https://www.law.go.kr/LSW/flDownload.do?bylClsCd=200201&flSeq=158305589
G016,CHEMICAL_GROUP,TBT_TRIALKYLTIN,06-5-4,"수산화 트리알킬주석[Trialkyl tin hydroxide]과 그 염류(산화 트리알킬주석을 포함한다) 및 트리부틸주석화합물[Tributyl tin compound], 또는 그 중 하나를 0.1% 이상 함유한 혼합물",Malachite green chloride,569-64-2,NO_MATCH,CROSS_GROUP_HARD_NEGATIVE,MG_SALTS,Annex 3 enumeration under other target group(s),"기후에너지환경부고시 제2025-28호, 시행 2026-01-01",https://www.law.go.kr/LSW/flDownload.do?bylClsCd=200201&flSeq=158305589
G017,CHEMICAL_GROUP,TBT_TRIALKYLTIN,06-5-4,"수산화 트리알킬주석[Trialkyl tin hydroxide]과 그 염류(산화 트리알킬주석을 포함한다) 및 트리부틸주석화합물[Tributyl tin compound], 또는 그 중 하나를 0.1% 이상 함유한 혼합물",4-Nonylphenol,104-40-5,NO_MATCH,CROSS_GROUP_HARD_NEGATIVE,NONYLPHENOL_NPE,Annex 3 enumeration under other target group(s),"기후에너지환경부고시 제2025-28호, 시행 2026-01-01",https://www.law.go.kr/LSW/flDownload.do?bylClsCd=200201&flSeq=158305589
G018,CHEMICAL_GROUP,TBT_TRIALKYLTIN,06-5-4,"수산화 트리알킬주석[Trialkyl tin hydroxide]과 그 염류(산화 트리알킬주석을 포함한다) 및 트리부틸주석화합물[Tributyl tin compound], 또는 그 중 하나를 0.1% 이상 함유한 혼합물",Lead acetate,301-04-2,NO_MATCH,CROSS_GROUP_HARD_NEGATIVE,LEAD_COMPOUNDS,Annex 3 enumeration under other target group(s),"기후에너지환경부고시 제2025-28호, 시행 2026-01-01",https://www.law.go.kr/LSW/flDownload.do?bylClsCd=200201&flSeq=158305589
G019,CHEMICAL_GROUP,TBT_TRIALKYLTIN,06-5-4,"수산화 트리알킬주석[Trialkyl tin hydroxide]과 그 염류(산화 트리알킬주석을 포함한다) 및 트리부틸주석화합물[Tributyl tin compound], 또는 그 중 하나를 0.1% 이상 함유한 혼합물",Ammonium dichromate,7789-09-5,NO_MATCH,CROSS_GROUP_HARD_NEGATIVE,CRVI_COMPOUNDS,Annex 3 enumeration under other target group(s),"기후에너지환경부고시 제2025-28호, 시행 2026-01-01",https://www.law.go.kr/LSW/flDownload.do?bylClsCd=200201&flSeq=158305589
G020,CHEMICAL_GROUP,TBT_TRIALKYLTIN,06-5-4,"수산화 트리알킬주석[Trialkyl tin hydroxide]과 그 염류(산화 트리알킬주석을 포함한다) 및 트리부틸주석화합물[Tributyl tin compound], 또는 그 중 하나를 0.1% 이상 함유한 혼합물",2-Nonylphenol,136-83-4,NO_MATCH,CROSS_GROUP_HARD_NEGATIVE,NONYLPHENOL_NPE,Annex 3 enumeration under other target group(s),"기후에너지환경부고시 제2025-28호, 시행 2026-01-01",https://www.law.go.kr/LSW/flDownload.do?bylClsCd=200201&flSeq=158305589
G021,CHEMICAL_GROUP,NONYLPHENOL_NPE,06-5-6,"노닐페놀[Nonylphenols, Nonylphenol ethoxylates] 및 이를 0.1% 이상 함유한 혼합물",Nonylphenol,25154-52-3,MATCH,OFFICIAL_MEMBER,NONYLPHENOL_NPE,Annex 3 target-group enumeration,"기후에너지환경부고시 제2025-28호, 시행 2026-01-01",https://www.law.go.kr/LSW/flDownload.do?bylClsCd=200201&flSeq=158305589
G022,CHEMICAL_GROUP,NONYLPHENOL_NPE,06-5-6,"노닐페놀[Nonylphenols, Nonylphenol ethoxylates] 및 이를 0.1% 이상 함유한 혼합물",4-Nonylphenol,104-40-5,MATCH,OFFICIAL_MEMBER,NONYLPHENOL_NPE,Annex 3 target-group enumeration,"기후에너지환경부고시 제2025-28호, 시행 2026-01-01",https://www.law.go.kr/LSW/flDownload.do?bylClsCd=200201&flSeq=158305589
G023,CHEMICAL_GROUP,NONYLPHENOL_NPE,06-5-6,"노닐페놀[Nonylphenols, Nonylphenol ethoxylates] 및 이를 0.1% 이상 함유한 혼합물","4-Nonylphenol, branched",84852-15-3,MATCH,OFFICIAL_MEMBER,NONYLPHENOL_NPE,Annex 3 target-group enumeration,"기후에너지환경부고시 제2025-28호, 시행 2026-01-01",https://www.law.go.kr/LSW/flDownload.do?bylClsCd=200201&flSeq=158305589
G024,CHEMICAL_GROUP,NONYLPHENOL_NPE,06-5-6,"노닐페놀[Nonylphenols, Nonylphenol ethoxylates] 및 이를 0.1% 이상 함유한 혼합물",3-Nonylphenol,139-84-4,MATCH,OFFICIAL_MEMBER,NONYLPHENOL_NPE,Annex 3 target-group enumeration,"기후에너지환경부고시 제2025-28호, 시행 2026-01-01",https://www.law.go.kr/LSW/flDownload.do?bylClsCd=200201&flSeq=158305589
G025,CHEMICAL_GROUP,NONYLPHENOL_NPE,06-5-6,"노닐페놀[Nonylphenols, Nonylphenol ethoxylates] 및 이를 0.1% 이상 함유한 혼합물",2-Nonylphenol,136-83-4,MATCH,OFFICIAL_MEMBER,NONYLPHENOL_NPE,Annex 3 target-group enumeration,"기후에너지환경부고시 제2025-28호, 시행 2026-01-01",https://www.law.go.kr/LSW/flDownload.do?bylClsCd=200201&flSeq=158305589
G026,CHEMICAL_GROUP,NONYLPHENOL_NPE,06-5-6,"노닐페놀[Nonylphenols, Nonylphenol ethoxylates] 및 이를 0.1% 이상 함유한 혼합물",Malachite green oxalate,2437-29-8,NO_MATCH,CROSS_GROUP_HARD_NEGATIVE,MG_SALTS,Annex 3 enumeration under other target group(s),"기후에너지환경부고시 제2025-28호, 시행 2026-01-01",https://www.law.go.kr/LSW/flDownload.do?bylClsCd=200201&flSeq=158305589
G027,CHEMICAL_GROUP,NONYLPHENOL_NPE,06-5-6,"노닐페놀[Nonylphenols, Nonylphenol ethoxylates] 및 이를 0.1% 이상 함유한 혼합물",Tributyltin chloride; TBTCL,1461-22-9,NO_MATCH,CROSS_GROUP_HARD_NEGATIVE,TBT_TRIALKYLTIN,Annex 3 enumeration under other target group(s),"기후에너지환경부고시 제2025-28호, 시행 2026-01-01",https://www.law.go.kr/LSW/flDownload.do?bylClsCd=200201&flSeq=158305589
G028,CHEMICAL_GROUP,NONYLPHENOL_NPE,06-5-6,"노닐페놀[Nonylphenols, Nonylphenol ethoxylates] 및 이를 0.1% 이상 함유한 혼합물",Lead dinitrate,10099-74-8,NO_MATCH,CROSS_GROUP_HARD_NEGATIVE,LEAD_COMPOUNDS,Annex 3 enumeration under other target group(s),"기후에너지환경부고시 제2025-28호, 시행 2026-01-01",https://www.law.go.kr/LSW/flDownload.do?bylClsCd=200201&flSeq=158305589
G029,CHEMICAL_GROUP,NONYLPHENOL_NPE,06-5-6,"노닐페놀[Nonylphenols, Nonylphenol ethoxylates] 및 이를 0.1% 이상 함유한 혼합물",Sodium chromate,7775-11-3,NO_MATCH,CROSS_GROUP_HARD_NEGATIVE,CRVI_COMPOUNDS,Annex 3 enumeration under other target group(s),"기후에너지환경부고시 제2025-28호, 시행 2026-01-01",https://www.law.go.kr/LSW/flDownload.do?bylClsCd=200201&flSeq=158305589
G030,CHEMICAL_GROUP,NONYLPHENOL_NPE,06-5-6,"노닐페놀[Nonylphenols, Nonylphenol ethoxylates] 및 이를 0.1% 이상 함유한 혼합물",Tributyltin oxide; bis(tributyltin)oxide; TBTO,56-35-9,NO_MATCH,CROSS_GROUP_HARD_NEGATIVE,TBT_TRIALKYLTIN,Annex 3 enumeration under other target group(s),"기후에너지환경부고시 제2025-28호, 시행 2026-01-01",https://www.law.go.kr/LSW/flDownload.do?bylClsCd=200201&flSeq=158305589
G031,CHEMICAL_GROUP,LEAD_COMPOUNDS,06-5-8,납[Lead; 7439-92-1]과 그 화합물[Lead compounds] 및 이를 0.009% 초과 함유한 혼합물,Lead,7439-92-1,MATCH,OFFICIAL_MEMBER,LEAD_COMPOUNDS,Annex 3 target-group enumeration,"기후에너지환경부고시 제2025-28호, 시행 2026-01-01",https://www.law.go.kr/LSW/flDownload.do?bylClsCd=200201&flSeq=158305589
G032,CHEMICAL_GROUP,LEAD_COMPOUNDS,06-5-8,납[Lead; 7439-92-1]과 그 화합물[Lead compounds] 및 이를 0.009% 초과 함유한 혼합물,Lead acetate,301-04-2,MATCH,OFFICIAL_MEMBER,LEAD_COMPOUNDS,Annex 3 target-group enumeration,"기후에너지환경부고시 제2025-28호, 시행 2026-01-01",https://www.law.go.kr/LSW/flDownload.do?bylClsCd=200201&flSeq=158305589
G033,CHEMICAL_GROUP,LEAD_COMPOUNDS,06-5-8,납[Lead; 7439-92-1]과 그 화합물[Lead compounds] 및 이를 0.009% 초과 함유한 혼합물,Lead chromate (PbCrO4),7758-97-6,MATCH,OFFICIAL_MEMBER,CRVI_COMPOUNDS;LEAD_COMPOUNDS,Annex 3 target-group enumeration,"기후에너지환경부고시 제2025-28호, 시행 2026-01-01",https://www.law.go.kr/LSW/flDownload.do?bylClsCd=200201&flSeq=158305589
G034,CHEMICAL_GROUP,LEAD_COMPOUNDS,06-5-8,납[Lead; 7439-92-1]과 그 화합물[Lead compounds] 및 이를 0.009% 초과 함유한 혼합물,Lead dinitrate,10099-74-8,MATCH,OFFICIAL_MEMBER,LEAD_COMPOUNDS,Annex 3 target-group enumeration,"기후에너지환경부고시 제2025-28호, 시행 2026-01-01",https://www.law.go.kr/LSW/flDownload.do?bylClsCd=200201&flSeq=158305589
G035,CHEMICAL_GROUP,LEAD_COMPOUNDS,06-5-8,납[Lead; 7439-92-1]과 그 화합물[Lead compounds] 및 이를 0.009% 초과 함유한 혼합물,Lead monoxide,1317-36-8,MATCH,OFFICIAL_MEMBER,LEAD_COMPOUNDS,Annex 3 target-group enumeration,"기후에너지환경부고시 제2025-28호, 시행 2026-01-01",https://www.law.go.kr/LSW/flDownload.do?bylClsCd=200201&flSeq=158305589
G036,CHEMICAL_GROUP,LEAD_COMPOUNDS,06-5-8,납[Lead; 7439-92-1]과 그 화합물[Lead compounds] 및 이를 0.009% 초과 함유한 혼합물,Malachite green chloride,569-64-2,NO_MATCH,CROSS_GROUP_HARD_NEGATIVE,MG_SALTS,Annex 3 enumeration under other target group(s),"기후에너지환경부고시 제2025-28호, 시행 2026-01-01",https://www.law.go.kr/LSW/flDownload.do?bylClsCd=200201&flSeq=158305589
G037,CHEMICAL_GROUP,LEAD_COMPOUNDS,06-5-8,납[Lead; 7439-92-1]과 그 화합물[Lead compounds] 및 이를 0.009% 초과 함유한 혼합물,Tributyltin oxide; bis(tributyltin)oxide; TBTO,56-35-9,NO_MATCH,CROSS_GROUP_HARD_NEGATIVE,TBT_TRIALKYLTIN,Annex 3 enumeration under other target group(s),"기후에너지환경부고시 제2025-28호, 시행 2026-01-01",https://www.law.go.kr/LSW/flDownload.do?bylClsCd=200201&flSeq=158305589
G038,CHEMICAL_GROUP,LEAD_COMPOUNDS,06-5-8,납[Lead; 7439-92-1]과 그 화합물[Lead compounds] 및 이를 0.009% 초과 함유한 혼합물,4-Nonylphenol,104-40-5,NO_MATCH,CROSS_GROUP_HARD_NEGATIVE,NONYLPHENOL_NPE,Annex 3 enumeration under other target group(s),"기후에너지환경부고시 제2025-28호, 시행 2026-01-01",https://www.law.go.kr/LSW/flDownload.do?bylClsCd=200201&flSeq=158305589
G039,CHEMICAL_GROUP,LEAD_COMPOUNDS,06-5-8,납[Lead; 7439-92-1]과 그 화합물[Lead compounds] 및 이를 0.009% 초과 함유한 혼합물,Potassium dichromate,7778-50-9,NO_MATCH,CROSS_GROUP_HARD_NEGATIVE,CRVI_COMPOUNDS,Annex 3 enumeration under other target group(s),"기후에너지환경부고시 제2025-28호, 시행 2026-01-01",https://www.law.go.kr/LSW/flDownload.do?bylClsCd=200201&flSeq=158305589
G040,CHEMICAL_GROUP,LEAD_COMPOUNDS,06-5-8,납[Lead; 7439-92-1]과 그 화합물[Lead compounds] 및 이를 0.009% 초과 함유한 혼합물,Tributyltin chloride; TBTCL,1461-22-9,NO_MATCH,CROSS_GROUP_HARD_NEGATIVE,TBT_TRIALKYLTIN,Annex 3 enumeration under other target group(s),"기후에너지환경부고시 제2025-28호, 시행 2026-01-01",https://www.law.go.kr/LSW/flDownload.do?bylClsCd=200201&flSeq=158305589
G041,CHEMICAL_GROUP,CRVI_COMPOUNDS,06-5-10,크로뮴(6+)화합물[Chromium(6+) compounds] 및 이를 0.1% 이상 함유한 혼합물,Ammonium chromate,7788-98-9,MATCH,OFFICIAL_MEMBER,CRVI_COMPOUNDS,Annex 3 target-group enumeration,"기후에너지환경부고시 제2025-28호, 시행 2026-01-01",https://www.law.go.kr/LSW/flDownload.do?bylClsCd=200201&flSeq=158305589
G042,CHEMICAL_GROUP,CRVI_COMPOUNDS,06-5-10,크로뮴(6+)화합물[Chromium(6+) compounds] 및 이를 0.1% 이상 함유한 혼합물,Chromium(VI) oxide; chromium trioxide,1333-82-0,MATCH,OFFICIAL_MEMBER,CRVI_COMPOUNDS,Annex 3 target-group enumeration,"기후에너지환경부고시 제2025-28호, 시행 2026-01-01",https://www.law.go.kr/LSW/flDownload.do?bylClsCd=200201&flSeq=158305589
G043,CHEMICAL_GROUP,CRVI_COMPOUNDS,06-5-10,크로뮴(6+)화합물[Chromium(6+) compounds] 및 이를 0.1% 이상 함유한 혼합물,Ammonium dichromate,7789-09-5,MATCH,OFFICIAL_MEMBER,CRVI_COMPOUNDS,Annex 3 target-group enumeration,"기후에너지환경부고시 제2025-28호, 시행 2026-01-01",https://www.law.go.kr/LSW/flDownload.do?bylClsCd=200201&flSeq=158305589
G044,CHEMICAL_GROUP,CRVI_COMPOUNDS,06-5-10,크로뮴(6+)화합물[Chromium(6+) compounds] 및 이를 0.1% 이상 함유한 혼합물,Potassium dichromate,7778-50-9,MATCH,OFFICIAL_MEMBER,CRVI_COMPOUNDS,Annex 3 target-group enumeration,"기후에너지환경부고시 제2025-28호, 시행 2026-01-01",https://www.law.go.kr/LSW/flDownload.do?bylClsCd=200201&flSeq=158305589
G045,CHEMICAL_GROUP,CRVI_COMPOUNDS,06-5-10,크로뮴(6+)화합물[Chromium(6+) compounds] 및 이를 0.1% 이상 함유한 혼합물,Sodium chromate,7775-11-3,MATCH,OFFICIAL_MEMBER,CRVI_COMPOUNDS,Annex 3 target-group enumeration,"기후에너지환경부고시 제2025-28호, 시행 2026-01-01",https://www.law.go.kr/LSW/flDownload.do?bylClsCd=200201&flSeq=158305589
G046,CHEMICAL_GROUP,CRVI_COMPOUNDS,06-5-10,크로뮴(6+)화합물[Chromium(6+) compounds] 및 이를 0.1% 이상 함유한 혼합물,Malachite green chloride,569-64-2,NO_MATCH,CROSS_GROUP_HARD_NEGATIVE,MG_SALTS,Annex 3 enumeration under other target group(s),"기후에너지환경부고시 제2025-28호, 시행 2026-01-01",https://www.law.go.kr/LSW/flDownload.do?bylClsCd=200201&flSeq=158305589
G047,CHEMICAL_GROUP,CRVI_COMPOUNDS,06-5-10,크로뮴(6+)화합물[Chromium(6+) compounds] 및 이를 0.1% 이상 함유한 혼합물,Tributyltin oxide; bis(tributyltin)oxide; TBTO,56-35-9,NO_MATCH,CROSS_GROUP_HARD_NEGATIVE,TBT_TRIALKYLTIN,Annex 3 enumeration under other target group(s),"기후에너지환경부고시 제2025-28호, 시행 2026-01-01",https://www.law.go.kr/LSW/flDownload.do?bylClsCd=200201&flSeq=158305589
G048,CHEMICAL_GROUP,CRVI_COMPOUNDS,06-5-10,크로뮴(6+)화합물[Chromium(6+) compounds] 및 이를 0.1% 이상 함유한 혼합물,4-Nonylphenol,104-40-5,NO_MATCH,CROSS_GROUP_HARD_NEGATIVE,NONYLPHENOL_NPE,Annex 3 enumeration under other target group(s),"기후에너지환경부고시 제2025-28호, 시행 2026-01-01",https://www.law.go.kr/LSW/flDownload.do?bylClsCd=200201&flSeq=158305589
G049,CHEMICAL_GROUP,CRVI_COMPOUNDS,06-5-10,크로뮴(6+)화합물[Chromium(6+) compounds] 및 이를 0.1% 이상 함유한 혼합물,Lead dinitrate,10099-74-8,NO_MATCH,CROSS_GROUP_HARD_NEGATIVE,LEAD_COMPOUNDS,Annex 3 enumeration under other target group(s),"기후에너지환경부고시 제2025-28호, 시행 2026-01-01",https://www.law.go.kr/LSW/flDownload.do?bylClsCd=200201&flSeq=158305589
G050,CHEMICAL_GROUP,CRVI_COMPOUNDS,06-5-10,크로뮴(6+)화합물[Chromium(6+) compounds] 및 이를 0.1% 이상 함유한 혼합물,Lead monoxide,1317-36-8,NO_MATCH,CROSS_GROUP_HARD_NEGATIVE,LEAD_COMPOUNDS,Annex 3 enumeration under other target group(s),"기후에너지환경부고시 제2025-28호, 시행 2026-01-01",https://www.law.go.kr/LSW/flDownload.do?bylClsCd=200201&flSeq=158305589
