case_id,task_type,rule_id,regulatory_id,regulatory_scope_text,component_name,component_cas,component_concentration_pct,threshold_pct,threshold_operator,reference_membership,component_relation,boundary_class,truth_basis,source_version,source_url
M001,MIXTURE_THRESHOLD,MG_SALTS,06-5-1,말라카이트 그린[Malachite green]의 염류 및 그 중 하나를 0.1% 이상 함유한 혼합물,Malachite green chloride,569-64-2,0.05,0.1,>=,NO_MATCH,IN_SCOPE_COMPONENT,BELOW_THRESHOLD,Official Annex 3 group membership plus exact threshold/operator,"기후에너지환경부고시 제2025-28호, 시행 2026-01-01",https://www.law.go.kr/LSW/flDownload.do?bylClsCd=200201&flSeq=158305589
M002,MIXTURE_THRESHOLD,MG_SALTS,06-5-1,말라카이트 그린[Malachite green]의 염류 및 그 중 하나를 0.1% 이상 함유한 혼합물,Malachite green chloride,569-64-2,0.099,0.1,>=,NO_MATCH,IN_SCOPE_COMPONENT,BELOW_THRESHOLD,Official Annex 3 group membership plus exact threshold/operator,"기후에너지환경부고시 제2025-28호, 시행 2026-01-01",https://www.law.go.kr/LSW/flDownload.do?bylClsCd=200201&flSeq=158305589
M003,MIXTURE_THRESHOLD,MG_SALTS,06-5-1,말라카이트 그린[Malachite green]의 염류 및 그 중 하나를 0.1% 이상 함유한 혼합물,Malachite green chloride,569-64-2,0.1,0.1,>=,MATCH,IN_SCOPE_COMPONENT,AT_THRESHOLD,Official Annex 3 group membership plus exact threshold/operator,"기후에너지환경부고시 제2025-28호, 시행 2026-01-01",https://www.law.go.kr/LSW/flDownload.do?bylClsCd=200201&flSeq=158305589
M004,MIXTURE_THRESHOLD,MG_SALTS,06-5-1,말라카이트 그린[Malachite green]의 염류 및 그 중 하나를 0.1% 이상 함유한 혼합물,Malachite green chloride,569-64-2,0.101,0.1,>=,MATCH,IN_SCOPE_COMPONENT,ABOVE_THRESHOLD,Official Annex 3 group membership plus exact threshold/operator,"기후에너지환경부고시 제2025-28호, 시행 2026-01-01",https://www.law.go.kr/LSW/flDownload.do?bylClsCd=200201&flSeq=158305589
M005,MIXTURE_THRESHOLD,MG_SALTS,06-5-1,말라카이트 그린[Malachite green]의 염류 및 그 중 하나를 0.1% 이상 함유한 혼합물,Malachite green chloride,569-64-2,0.2,0.1,>=,MATCH,IN_SCOPE_COMPONENT,ABOVE_THRESHOLD,Official Annex 3 group membership plus exact threshold/operator,"기후에너지환경부고시 제2025-28호, 시행 2026-01-01",https://www.law.go.kr/LSW/flDownload.do?bylClsCd=200201&flSeq=158305589
M006,MIXTURE_THRESHOLD,MG_SALTS,06-5-1,말라카이트 그린[Malachite green]의 염류 및 그 중 하나를 0.1% 이상 함유한 혼합물,Malachite green oxalate,2437-29-8,0.099,0.1,>=,NO_MATCH,IN_SCOPE_COMPONENT,BELOW_THRESHOLD,Official Annex 3 group membership plus exact threshold/operator,"기후에너지환경부고시 제2025-28호, 시행 2026-01-01",https://www.law.go.kr/LSW/flDownload.do?bylClsCd=200201&flSeq=158305589
M007,MIXTURE_THRESHOLD,MG_SALTS,06-5-1,말라카이트 그린[Malachite green]의 염류 및 그 중 하나를 0.1% 이상 함유한 혼합물,Malachite green oxalate,2437-29-8,0.1,0.1,>=,MATCH,IN_SCOPE_COMPONENT,AT_THRESHOLD,Official Annex 3 group membership plus exact threshold/operator,"기후에너지환경부고시 제2025-28호, 시행 2026-01-01",https://www.law.go.kr/LSW/flDownload.do?bylClsCd=200201&flSeq=158305589
M008,MIXTURE_THRESHOLD,MG_SALTS,06-5-1,말라카이트 그린[Malachite green]의 염류 및 그 중 하나를 0.1% 이상 함유한 혼합물,Malachite green oxalate,2437-29-8,0.101,0.1,>=,MATCH,IN_SCOPE_COMPONENT,ABOVE_THRESHOLD,Official Annex 3 group membership plus exact threshold/operator,"기후에너지환경부고시 제2025-28호, 시행 2026-01-01",https://www.law.go.kr/LSW/flDownload.do?bylClsCd=200201&flSeq=158305589
M009,MIXTURE_THRESHOLD,MG_SALTS,06-5-1,말라카이트 그린[Malachite green]의 염류 및 그 중 하나를 0.1% 이상 함유한 혼합물,Tributyltin hydroxide,1067-97-6,1.0,0.1,>=,NO_MATCH,OUT_OF_SCOPE_COMPONENT,ABOVE_THRESHOLD,Official Annex 3 group membership plus exact threshold/operator,"기후에너지환경부고시 제2025-28호, 시행 2026-01-01",https://www.law.go.kr/LSW/flDownload.do?bylClsCd=200201&flSeq=158305589
M010,MIXTURE_THRESHOLD,MG_SALTS,06-5-1,말라카이트 그린[Malachite green]의 염류 및 그 중 하나를 0.1% 이상 함유한 혼합물,4-Nonylphenol,104-40-5,2.0,0.1,>=,NO_MATCH,OUT_OF_SCOPE_COMPONENT,ABOVE_THRESHOLD,Official Annex 3 group membership plus exact threshold/operator,"기후에너지환경부고시 제2025-28호, 시행 2026-01-01",https://www.law.go.kr/LSW/flDownload.do?bylClsCd=200201&flSeq=158305589
M011,MIXTURE_THRESHOLD,TBT_TRIALKYLTIN,06-5-4,"수산화 트리알킬주석[Trialkyl tin hydroxide]과 그 염류(산화 트리알킬주석을 포함한다) 및 트리부틸주석화합물[Tributyl tin compound], 또는 그 중 하나를 0.1% 이상 함유한 혼합물",Tributyltin oxide; bis(tributyltin)oxide; TBTO,56-35-9,0.05,0.1,>=,NO_MATCH,IN_SCOPE_COMPONENT,BELOW_THRESHOLD,Official Annex 3 group membership plus exact threshold/operator,"기후에너지환경부고시 제2025-28호, 시행 2026-01-01",https://www.law.go.kr/LSW/flDownload.do?bylClsCd=200201&flSeq=158305589
M012,MIXTURE_THRESHOLD,TBT_TRIALKYLTIN,06-5-4,"수산화 트리알킬주석[Trialkyl tin hydroxide]과 그 염류(산화 트리알킬주석을 포함한다) 및 트리부틸주석화합물[Tributyl tin compound], 또는 그 중 하나를 0.1% 이상 함유한 혼합물",Tributyltin oxide; bis(tributyltin)oxide; TBTO,56-35-9,0.099,0.1,>=,NO_MATCH,IN_SCOPE_COMPONENT,BELOW_THRESHOLD,Official Annex 3 group membership plus exact threshold/operator,"기후에너지환경부고시 제2025-28호, 시행 2026-01-01",https://www.law.go.kr/LSW/flDownload.do?bylClsCd=200201&flSeq=158305589
M013,MIXTURE_THRESHOLD,TBT_TRIALKYLTIN,06-5-4,"수산화 트리알킬주석[Trialkyl tin hydroxide]과 그 염류(산화 트리알킬주석을 포함한다) 및 트리부틸주석화합물[Tributyl tin compound], 또는 그 중 하나를 0.1% 이상 함유한 혼합물",Tributyltin oxide; bis(tributyltin)oxide; TBTO,56-35-9,0.1,0.1,>=,MATCH,IN_SCOPE_COMPONENT,AT_THRESHOLD,Official Annex 3 group membership plus exact threshold/operator,"기후에너지환경부고시 제2025-28호, 시행 2026-01-01",https://www.law.go.kr/LSW/flDownload.do?bylClsCd=200201&flSeq=158305589
M014,MIXTURE_THRESHOLD,TBT_TRIALKYLTIN,06-5-4,"수산화 트리알킬주석[Trialkyl tin hydroxide]과 그 염류(산화 트리알킬주석을 포함한다) 및 트리부틸주석화합물[Tributyl tin compound], 또는 그 중 하나를 0.1% 이상 함유한 혼합물",Tributyltin oxide; bis(tributyltin)oxide; TBTO,56-35-9,0.101,0.1,>=,MATCH,IN_SCOPE_COMPONENT,ABOVE_THRESHOLD,Official Annex 3 group membership plus exact threshold/operator,"기후에너지환경부고시 제2025-28호, 시행 2026-01-01",https://www.law.go.kr/LSW/flDownload.do?bylClsCd=200201&flSeq=158305589
M015,MIXTURE_THRESHOLD,TBT_TRIALKYLTIN,06-5-4,"수산화 트리알킬주석[Trialkyl tin hydroxide]과 그 염류(산화 트리알킬주석을 포함한다) 및 트리부틸주석화합물[Tributyl tin compound], 또는 그 중 하나를 0.1% 이상 함유한 혼합물",Tributyltin oxide; bis(tributyltin)oxide; TBTO,56-35-9,0.2,0.1,>=,MATCH,IN_SCOPE_COMPONENT,ABOVE_THRESHOLD,Official Annex 3 group membership plus exact threshold/operator,"기후에너지환경부고시 제2025-28호, 시행 2026-01-01",https://www.law.go.kr/LSW/flDownload.do?bylClsCd=200201&flSeq=158305589
M016,MIXTURE_THRESHOLD,TBT_TRIALKYLTIN,06-5-4,"수산화 트리알킬주석[Trialkyl tin hydroxide]과 그 염류(산화 트리알킬주석을 포함한다) 및 트리부틸주석화합물[Tributyl tin compound], 또는 그 중 하나를 0.1% 이상 함유한 혼합물",Tributyltin chloride; TBTCL,1461-22-9,0.099,0.1,>=,NO_MATCH,IN_SCOPE_COMPONENT,BELOW_THRESHOLD,Official Annex 3 group membership plus exact threshold/operator,"기후에너지환경부고시 제2025-28호, 시행 2026-01-01",https://www.law.go.kr/LSW/flDownload.do?bylClsCd=200201&flSeq=158305589
M017,MIXTURE_THRESHOLD,TBT_TRIALKYLTIN,06-5-4,"수산화 트리알킬주석[Trialkyl tin hydroxide]과 그 염류(산화 트리알킬주석을 포함한다) 및 트리부틸주석화합물[Tributyl tin compound], 또는 그 중 하나를 0.1% 이상 함유한 혼합물",Tributyltin chloride; TBTCL,1461-22-9,0.1,0.1,>=,MATCH,IN_SCOPE_COMPONENT,AT_THRESHOLD,Official Annex 3 group membership plus exact threshold/operator,"기후에너지환경부고시 제2025-28호, 시행 2026-01-01",https://www.law.go.kr/LSW/flDownload.do?bylClsCd=200201&flSeq=158305589
M018,MIXTURE_THRESHOLD,TBT_TRIALKYLTIN,06-5-4,"수산화 트리알킬주석[Trialkyl tin hydroxide]과 그 염류(산화 트리알킬주석을 포함한다) 및 트리부틸주석화합물[Tributyl tin compound], 또는 그 중 하나를 0.1% 이상 함유한 혼합물",Tributyltin chloride; TBTCL,1461-22-9,0.101,0.1,>=,MATCH,IN_SCOPE_COMPONENT,ABOVE_THRESHOLD,Official Annex 3 group membership plus exact threshold/operator,"기후에너지환경부고시 제2025-28호, 시행 2026-01-01",https://www.law.go.kr/LSW/flDownload.do?bylClsCd=200201&flSeq=158305589
M019,MIXTURE_THRESHOLD,TBT_TRIALKYLTIN,06-5-4,"수산화 트리알킬주석[Trialkyl tin hydroxide]과 그 염류(산화 트리알킬주석을 포함한다) 및 트리부틸주석화합물[Tributyl tin compound], 또는 그 중 하나를 0.1% 이상 함유한 혼합물",Malachite green,10309-95-2,1.0,0.1,>=,NO_MATCH,OUT_OF_SCOPE_COMPONENT,ABOVE_THRESHOLD,Official Annex 3 group membership plus exact threshold/operator,"기후에너지환경부고시 제2025-28호, 시행 2026-01-01",https://www.law.go.kr/LSW/flDownload.do?bylClsCd=200201&flSeq=158305589
M020,MIXTURE_THRESHOLD,TBT_TRIALKYLTIN,06-5-4,"수산화 트리알킬주석[Trialkyl tin hydroxide]과 그 염류(산화 트리알킬주석을 포함한다) 및 트리부틸주석화합물[Tributyl tin compound], 또는 그 중 하나를 0.1% 이상 함유한 혼합물",4-Nonylphenol,104-40-5,2.0,0.1,>=,NO_MATCH,OUT_OF_SCOPE_COMPONENT,ABOVE_THRESHOLD,Official Annex 3 group membership plus exact threshold/operator,"기후에너지환경부고시 제2025-28호, 시행 2026-01-01",https://www.law.go.kr/LSW/flDownload.do?bylClsCd=200201&flSeq=158305589
M021,MIXTURE_THRESHOLD,NONYLPHENOL_NPE,06-5-6,"노닐페놀[Nonylphenols, Nonylphenol ethoxylates] 및 이를 0.1% 이상 함유한 혼합물",4-Nonylphenol,104-40-5,0.05,0.1,>=,NO_MATCH,IN_SCOPE_COMPONENT,BELOW_THRESHOLD,Official Annex 3 group membership plus exact threshold/operator,"기후에너지환경부고시 제2025-28호, 시행 2026-01-01",https://www.law.go.kr/LSW/flDownload.do?bylClsCd=200201&flSeq=158305589
M022,MIXTURE_THRESHOLD,NONYLPHENOL_NPE,06-5-6,"노닐페놀[Nonylphenols, Nonylphenol ethoxylates] 및 이를 0.1% 이상 함유한 혼합물",4-Nonylphenol,104-40-5,0.099,0.1,>=,NO_MATCH,IN_SCOPE_COMPONENT,BELOW_THRESHOLD,Official Annex 3 group membership plus exact threshold/operator,"기후에너지환경부고시 제2025-28호, 시행 2026-01-01",https://www.law.go.kr/LSW/flDownload.do?bylClsCd=200201&flSeq=158305589
M023,MIXTURE_THRESHOLD,NONYLPHENOL_NPE,06-5-6,"노닐페놀[Nonylphenols, Nonylphenol ethoxylates] 및 이를 0.1% 이상 함유한 혼합물",4-Nonylphenol,104-40-5,0.1,0.1,>=,MATCH,IN_SCOPE_COMPONENT,AT_THRESHOLD,Official Annex 3 group membership plus exact threshold/operator,"기후에너지환경부고시 제2025-28호, 시행 2026-01-01",https://www.law.go.kr/LSW/flDownload.do?bylClsCd=200201&flSeq=158305589
M024,MIXTURE_THRESHOLD,NONYLPHENOL_NPE,06-5-6,"노닐페놀[Nonylphenols, Nonylphenol ethoxylates] 및 이를 0.1% 이상 함유한 혼합물",4-Nonylphenol,104-40-5,0.101,0.1,>=,MATCH,IN_SCOPE_COMPONENT,ABOVE_THRESHOLD,Official Annex 3 group membership plus exact threshold/operator,"기후에너지환경부고시 제2025-28호, 시행 2026-01-01",https://www.law.go.kr/LSW/flDownload.do?bylClsCd=200201&flSeq=158305589
M025,MIXTURE_THRESHOLD,NONYLPHENOL_NPE,06-5-6,"노닐페놀[Nonylphenols, Nonylphenol ethoxylates] 및 이를 0.1% 이상 함유한 혼합물",4-Nonylphenol,104-40-5,0.2,0.1,>=,MATCH,IN_SCOPE_COMPONENT,ABOVE_THRESHOLD,Official Annex 3 group membership plus exact threshold/operator,"기후에너지환경부고시 제2025-28호, 시행 2026-01-01",https://www.law.go.kr/LSW/flDownload.do?bylClsCd=200201&flSeq=158305589
M026,MIXTURE_THRESHOLD,NONYLPHENOL_NPE,06-5-6,"노닐페놀[Nonylphenols, Nonylphenol ethoxylates] 및 이를 0.1% 이상 함유한 혼합물",Nonylphenol,25154-52-3,0.099,0.1,>=,NO_MATCH,IN_SCOPE_COMPONENT,BELOW_THRESHOLD,Official Annex 3 group membership plus exact threshold/operator,"기후에너지환경부고시 제2025-28호, 시행 2026-01-01",https://www.law.go.kr/LSW/flDownload.do?bylClsCd=200201&flSeq=158305589
M027,MIXTURE_THRESHOLD,NONYLPHENOL_NPE,06-5-6,"노닐페놀[Nonylphenols, Nonylphenol ethoxylates] 및 이를 0.1% 이상 함유한 혼합물",Nonylphenol,25154-52-3,0.1,0.1,>=,MATCH,IN_SCOPE_COMPONENT,AT_THRESHOLD,Official Annex 3 group membership plus exact threshold/operator,"기후에너지환경부고시 제2025-28호, 시행 2026-01-01",https://www.law.go.kr/LSW/flDownload.do?bylClsCd=200201&flSeq=158305589
M028,MIXTURE_THRESHOLD,NONYLPHENOL_NPE,06-5-6,"노닐페놀[Nonylphenols, Nonylphenol ethoxylates] 및 이를 0.1% 이상 함유한 혼합물",Nonylphenol,25154-52-3,0.101,0.1,>=,MATCH,IN_SCOPE_COMPONENT,ABOVE_THRESHOLD,Official Annex 3 group membership plus exact threshold/operator,"기후에너지환경부고시 제2025-28호, 시행 2026-01-01",https://www.law.go.kr/LSW/flDownload.do?bylClsCd=200201&flSeq=158305589
M029,MIXTURE_THRESHOLD,NONYLPHENOL_NPE,06-5-6,"노닐페놀[Nonylphenols, Nonylphenol ethoxylates] 및 이를 0.1% 이상 함유한 혼합물",Malachite green,10309-95-2,1.0,0.1,>=,NO_MATCH,OUT_OF_SCOPE_COMPONENT,ABOVE_THRESHOLD,Official Annex 3 group membership plus exact threshold/operator,"기후에너지환경부고시 제2025-28호, 시행 2026-01-01",https://www.law.go.kr/LSW/flDownload.do?bylClsCd=200201&flSeq=158305589
M030,MIXTURE_THRESHOLD,NONYLPHENOL_NPE,06-5-6,"노닐페놀[Nonylphenols, Nonylphenol ethoxylates] 및 이를 0.1% 이상 함유한 혼합물",Tributyltin oxide; bis(tributyltin)oxide; TBTO,56-35-9,2.0,0.1,>=,NO_MATCH,OUT_OF_SCOPE_COMPONENT,ABOVE_THRESHOLD,Official Annex 3 group membership plus exact threshold/operator,"기후에너지환경부고시 제2025-28호, 시행 2026-01-01",https://www.law.go.kr/LSW/flDownload.do?bylClsCd=200201&flSeq=158305589
M031,MIXTURE_THRESHOLD,LEAD_COMPOUNDS,06-5-8,납[Lead; 7439-92-1]과 그 화합물[Lead compounds] 및 이를 0.009% 초과 함유한 혼합물,Lead dinitrate,10099-74-8,0.0045,0.009,>,NO_MATCH,IN_SCOPE_COMPONENT,BELOW_THRESHOLD,Official Annex 3 group membership plus exact threshold/operator,"기후에너지환경부고시 제2025-28호, 시행 2026-01-01",https://www.law.go.kr/LSW/flDownload.do?bylClsCd=200201&flSeq=158305589
M032,MIXTURE_THRESHOLD,LEAD_COMPOUNDS,06-5-8,납[Lead; 7439-92-1]과 그 화합물[Lead compounds] 및 이를 0.009% 초과 함유한 혼합물,Lead dinitrate,10099-74-8,0.00891,0.009,>,NO_MATCH,IN_SCOPE_COMPONENT,BELOW_THRESHOLD,Official Annex 3 group membership plus exact threshold/operator,"기후에너지환경부고시 제2025-28호, 시행 2026-01-01",https://www.law.go.kr/LSW/flDownload.do?bylClsCd=200201&flSeq=158305589
M033,MIXTURE_THRESHOLD,LEAD_COMPOUNDS,06-5-8,납[Lead; 7439-92-1]과 그 화합물[Lead compounds] 및 이를 0.009% 초과 함유한 혼합물,Lead dinitrate,10099-74-8,0.009,0.009,>,NO_MATCH,IN_SCOPE_COMPONENT,AT_THRESHOLD,Official Annex 3 group membership plus exact threshold/operator,"기후에너지환경부고시 제2025-28호, 시행 2026-01-01",https://www.law.go.kr/LSW/flDownload.do?bylClsCd=200201&flSeq=158305589
M034,MIXTURE_THRESHOLD,LEAD_COMPOUNDS,06-5-8,납[Lead; 7439-92-1]과 그 화합물[Lead compounds] 및 이를 0.009% 초과 함유한 혼합물,Lead dinitrate,10099-74-8,0.00909,0.009,>,MATCH,IN_SCOPE_COMPONENT,ABOVE_THRESHOLD,Official Annex 3 group membership plus exact threshold/operator,"기후에너지환경부고시 제2025-28호, 시행 2026-01-01",https://www.law.go.kr/LSW/flDownload.do?bylClsCd=200201&flSeq=158305589
M035,MIXTURE_THRESHOLD,LEAD_COMPOUNDS,06-5-8,납[Lead; 7439-92-1]과 그 화합물[Lead compounds] 및 이를 0.009% 초과 함유한 혼합물,Lead dinitrate,10099-74-8,0.018,0.009,>,MATCH,IN_SCOPE_COMPONENT,ABOVE_THRESHOLD,Official Annex 3 group membership plus exact threshold/operator,"기후에너지환경부고시 제2025-28호, 시행 2026-01-01",https://www.law.go.kr/LSW/flDownload.do?bylClsCd=200201&flSeq=158305589
M036,MIXTURE_THRESHOLD,LEAD_COMPOUNDS,06-5-8,납[Lead; 7439-92-1]과 그 화합물[Lead compounds] 및 이를 0.009% 초과 함유한 혼합물,Lead monoxide,1317-36-8,0.009,0.009,>,NO_MATCH,IN_SCOPE_COMPONENT,AT_THRESHOLD,Official Annex 3 group membership plus exact threshold/operator,"기후에너지환경부고시 제2025-28호, 시행 2026-01-01",https://www.law.go.kr/LSW/flDownload.do?bylClsCd=200201&flSeq=158305589
M037,MIXTURE_THRESHOLD,LEAD_COMPOUNDS,06-5-8,납[Lead; 7439-92-1]과 그 화합물[Lead compounds] 및 이를 0.009% 초과 함유한 혼합물,Lead monoxide,1317-36-8,0.00909,0.009,>,MATCH,IN_SCOPE_COMPONENT,ABOVE_THRESHOLD,Official Annex 3 group membership plus exact threshold/operator,"기후에너지환경부고시 제2025-28호, 시행 2026-01-01",https://www.law.go.kr/LSW/flDownload.do?bylClsCd=200201&flSeq=158305589
M038,MIXTURE_THRESHOLD,LEAD_COMPOUNDS,06-5-8,납[Lead; 7439-92-1]과 그 화합물[Lead compounds] 및 이를 0.009% 초과 함유한 혼합물,Lead monoxide,1317-36-8,0.018,0.009,>,MATCH,IN_SCOPE_COMPONENT,ABOVE_THRESHOLD,Official Annex 3 group membership plus exact threshold/operator,"기후에너지환경부고시 제2025-28호, 시행 2026-01-01",https://www.law.go.kr/LSW/flDownload.do?bylClsCd=200201&flSeq=158305589
M039,MIXTURE_THRESHOLD,LEAD_COMPOUNDS,06-5-8,납[Lead; 7439-92-1]과 그 화합물[Lead compounds] 및 이를 0.009% 초과 함유한 혼합물,Lead monoxide,1317-36-8,0.036,0.009,>,MATCH,IN_SCOPE_COMPONENT,ABOVE_THRESHOLD,Official Annex 3 group membership plus exact threshold/operator,"기후에너지환경부고시 제2025-28호, 시행 2026-01-01",https://www.law.go.kr/LSW/flDownload.do?bylClsCd=200201&flSeq=158305589
M040,MIXTURE_THRESHOLD,LEAD_COMPOUNDS,06-5-8,납[Lead; 7439-92-1]과 그 화합물[Lead compounds] 및 이를 0.009% 초과 함유한 혼합물,Malachite green,10309-95-2,0.09,0.009,>,NO_MATCH,OUT_OF_SCOPE_COMPONENT,ABOVE_THRESHOLD,Official Annex 3 group membership plus exact threshold/operator,"기후에너지환경부고시 제2025-28호, 시행 2026-01-01",https://www.law.go.kr/LSW/flDownload.do?bylClsCd=200201&flSeq=158305589
M041,MIXTURE_THRESHOLD,CRVI_COMPOUNDS,06-5-10,크로뮴(6+)화합물[Chromium(6+) compounds] 및 이를 0.1% 이상 함유한 혼합물,Potassium dichromate,7778-50-9,0.05,0.1,>=,NO_MATCH,IN_SCOPE_COMPONENT,BELOW_THRESHOLD,Official Annex 3 group membership plus exact threshold/operator,"기후에너지환경부고시 제2025-28호, 시행 2026-01-01",https://www.law.go.kr/LSW/flDownload.do?bylClsCd=200201&flSeq=158305589
M042,MIXTURE_THRESHOLD,CRVI_COMPOUNDS,06-5-10,크로뮴(6+)화합물[Chromium(6+) compounds] 및 이를 0.1% 이상 함유한 혼합물,Potassium dichromate,7778-50-9,0.099,0.1,>=,NO_MATCH,IN_SCOPE_COMPONENT,BELOW_THRESHOLD,Official Annex 3 group membership plus exact threshold/operator,"기후에너지환경부고시 제2025-28호, 시행 2026-01-01",https://www.law.go.kr/LSW/flDownload.do?bylClsCd=200201&flSeq=158305589
M043,MIXTURE_THRESHOLD,CRVI_COMPOUNDS,06-5-10,크로뮴(6+)화합물[Chromium(6+) compounds] 및 이를 0.1% 이상 함유한 혼합물,Potassium dichromate,7778-50-9,0.1,0.1,>=,MATCH,IN_SCOPE_COMPONENT,AT_THRESHOLD,Official Annex 3 group membership plus exact threshold/operator,"기후에너지환경부고시 제2025-28호, 시행 2026-01-01",https://www.law.go.kr/LSW/flDownload.do?bylClsCd=200201&flSeq=158305589
M044,MIXTURE_THRESHOLD,CRVI_COMPOUNDS,06-5-10,크로뮴(6+)화합물[Chromium(6+) compounds] 및 이를 0.1% 이상 함유한 혼합물,Potassium dichromate,7778-50-9,0.101,0.1,>=,MATCH,IN_SCOPE_COMPONENT,ABOVE_THRESHOLD,Official Annex 3 group membership plus exact threshold/operator,"기후에너지환경부고시 제2025-28호, 시행 2026-01-01",https://www.law.go.kr/LSW/flDownload.do?bylClsCd=200201&flSeq=158305589
M045,MIXTURE_THRESHOLD,CRVI_COMPOUNDS,06-5-10,크로뮴(6+)화합물[Chromium(6+) compounds] 및 이를 0.1% 이상 함유한 혼합물,Potassium dichromate,7778-50-9,0.2,0.1,>=,MATCH,IN_SCOPE_COMPONENT,ABOVE_THRESHOLD,Official Annex 3 group membership plus exact threshold/operator,"기후에너지환경부고시 제2025-28호, 시행 2026-01-01",https://www.law.go.kr/LSW/flDownload.do?bylClsCd=200201&flSeq=158305589
M046,MIXTURE_THRESHOLD,CRVI_COMPOUNDS,06-5-10,크로뮴(6+)화합물[Chromium(6+) compounds] 및 이를 0.1% 이상 함유한 혼합물,Sodium chromate,7775-11-3,0.099,0.1,>=,NO_MATCH,IN_SCOPE_COMPONENT,BELOW_THRESHOLD,Official Annex 3 group membership plus exact threshold/operator,"기후에너지환경부고시 제2025-28호, 시행 2026-01-01",https://www.law.go.kr/LSW/flDownload.do?bylClsCd=200201&flSeq=158305589
M047,MIXTURE_THRESHOLD,CRVI_COMPOUNDS,06-5-10,크로뮴(6+)화합물[Chromium(6+) compounds] 및 이를 0.1% 이상 함유한 혼합물,Sodium chromate,7775-11-3,0.1,0.1,>=,MATCH,IN_SCOPE_COMPONENT,AT_THRESHOLD,Official Annex 3 group membership plus exact threshold/operator,"기후에너지환경부고시 제2025-28호, 시행 2026-01-01",https://www.law.go.kr/LSW/flDownload.do?bylClsCd=200201&flSeq=158305589
M048,MIXTURE_THRESHOLD,CRVI_COMPOUNDS,06-5-10,크로뮴(6+)화합물[Chromium(6+) compounds] 및 이를 0.1% 이상 함유한 혼합물,Sodium chromate,7775-11-3,0.101,0.1,>=,MATCH,IN_SCOPE_COMPONENT,ABOVE_THRESHOLD,Official Annex 3 group membership plus exact threshold/operator,"기후에너지환경부고시 제2025-28호, 시행 2026-01-01",https://www.law.go.kr/LSW/flDownload.do?bylClsCd=200201&flSeq=158305589
M049,MIXTURE_THRESHOLD,CRVI_COMPOUNDS,06-5-10,크로뮴(6+)화합물[Chromium(6+) compounds] 및 이를 0.1% 이상 함유한 혼합물,Malachite green,10309-95-2,1.0,0.1,>=,NO_MATCH,OUT_OF_SCOPE_COMPONENT,ABOVE_THRESHOLD,Official Annex 3 group membership plus exact threshold/operator,"기후에너지환경부고시 제2025-28호, 시행 2026-01-01",https://www.law.go.kr/LSW/flDownload.do?bylClsCd=200201&flSeq=158305589
M050,MIXTURE_THRESHOLD,CRVI_COMPOUNDS,06-5-10,크로뮴(6+)화합물[Chromium(6+) compounds] 및 이를 0.1% 이상 함유한 혼합물,Tributyltin oxide; bis(tributyltin)oxide; TBTO,56-35-9,2.0,0.1,>=,NO_MATCH,OUT_OF_SCOPE_COMPONENT,ABOVE_THRESHOLD,Official Annex 3 group membership plus exact threshold/operator,"기후에너지환경부고시 제2025-28호, 시행 2026-01-01",https://www.law.go.kr/LSW/flDownload.do?bylClsCd=200201&flSeq=158305589
